cell_id,cell_id2,Description,Individual,Experiment,embryo,Lineage,targeting_status,SubmissionBatch,ProcessingBatch,CollectionBatch,NANOGReadCount,OriginalFile
rawNANOGBE_BOW7461A100,BOW7461A100,20250121_NANOG_ABE8e_Embryo3_Cell126,3,BOWR1,3,ICM,NANOG mosaic,20250121,20250117B,20250114,1214,BOW7461A100
rawNANOGBE_BOW7461A101,BOW7461A101,20250121_NANOG_ABE8e_Embryo3_Cell127,3,BOWR1,3,ICM,NANOG mosaic,20250121,20250117B,20250114,5316,BOW7461A101
rawNANOGBE_BOW7461A102,BOW7461A102,20250121_NANOG_ABE8e_Embryo3_Cell128,3,BOWR1,3,ICM,NANOG mosaic,20250121,20250117B,20250114,2514,BOW7461A102
rawNANOGBE_BOW7461A103,BOW7461A103,20250121_NANOG_ABE8e_Embryo3_Cell129,3,BOWR1,3,ICM,NANOG mosaic,20250121,20250117B,20250114,33,BOW7461A103
rawNANOGBE_BOW7461A104,BOW7461A104,20250121_NANOG_ABE8e_Embryo3_Cell130,3,BOWR1,3,ICM,NANOG mosaic,20250121,20250117B,20250114,1462,BOW7461A104
rawNANOGBE_BOW7461A105,BOW7461A105,20250121_NANOG_ABE8e_Embryo3_Cell131,3,BOWR1,3,ICM,NANOG mosaic,20250121,20250117B,20250114,1251,BOW7461A105
rawNANOGBE_BOW7461A106,BOW7461A106,20250121_NANOG_ABE8e_Embryo3_Cell132,3,BOWR1,3,ICM,NANOG mosaic,20250121,20250117B,20250114,1560,BOW7461A106
rawNANOGBE_BOW7461A107,BOW7461A107,20250121_NANOG_ABE8e_Embryo3_Cell133,3,BOWR1,3,Epiblast,NANOG mosaic,20250121,20250117B,20250114,5582,BOW7461A107
rawNANOGBE_BOW7461A108,BOW7461A108,20250121_NANOG_ABE8e_Embryo3_Cell134,3,BOWR1,3,ICM,NANOG mosaic,20250121,20250117B,20250114,1492,BOW7461A108
rawNANOGBE_BOW7461A109,BOW7461A109,20250121_NANOG_ABE8e_Embryo3_Cell135,3,BOWR1,3,ICM,NANOG mosaic,20250121,20250117B,20250114,2642,BOW7461A109
rawNANOGBE_BOW7461A10,BOW7461A10,20241216_NANOG_ABE8e_Embryo1_Cell10,1,BOWR1,1,Trophectoderm,NANOG mosaic,20241216,20241115,20241022,0,BOW7461A10
rawNANOGBE_BOW7461A110,BOW7461A110,20250121_NANOG_ABE8e_Embryo3_Cell136,3,BOWR1,3,Trophectoderm,NANOG mosaic,20250121,20250117B,20250114,42,BOW7461A110
rawNANOGBE_BOW7461A111,BOW7461A111,20250121_NANOG_ABE8e_Embryo3_Cell137,3,BOWR1,3,Trophectoderm,NANOG mosaic,20250121,20250117B,20250114,328,BOW7461A111
rawNANOGBE_BOW7461A112,BOW7461A112,20250121_NANOG_ABE8e_Embryo3_Cell138,3,BOWR1,3,ICM,NANOG mosaic,20250121,20250117B,20250114,2327,BOW7461A112
rawNANOGBE_BOW7461A113,BOW7461A113,20250121_NANOG_ABE8e_Embryo2_Cell65,2,BOWR1,2,Trophectoderm,NANOG mosaic,20250121,20250117B,20241209,21,BOW7461A113
rawNANOGBE_BOW7461A114,BOW7461A114,20250121_NANOG_ABE8e_Embryo2_Cell66,2,BOWR1,2,Trophectoderm,NANOG mosaic,20250121,20250117B,20241209,0,BOW7461A114
rawNANOGBE_BOW7461A115,BOW7461A115,20250121_NANOG_ABE8e_Embryo2_Cell67,2,BOWR1,2,Primitive endoderm,NANOG mosaic,20250121,20250117B,20241209,1,BOW7461A115
rawNANOGBE_BOW7461A116,BOW7461A116,20250121_NANOG_ABE8e_Embryo2_Cell68,2,BOWR1,2,Trophectoderm,NANOG mosaic,20250121,20250117B,20241209,2,BOW7461A116
rawNANOGBE_BOW7461A117,BOW7461A117,20250121_NANOG_ABE8e_Embryo2_Cell69,2,BOWR1,2,Trophectoderm,NANOG mosaic,20250121,20250117B,20241209,107,BOW7461A117
rawNANOGBE_BOW7461A119,BOW7461A119,20250121_NANOG_ABE8e_Embryo2_Cell71,2,BOWR1,2,Trophectoderm,NANOG mosaic,20250121,20250117B,20241209,0,BOW7461A119
rawNANOGBE_BOW7461A11,BOW7461A11,20241216_NANOG_ABE8e_Embryo1_Cell11,1,BOWR1,1,Trophectoderm,NANOG mosaic,20241216,20241115,20241022,0,BOW7461A11
rawNANOGBE_BOW7461A120,BOW7461A120,20250121_NANOG_ABE8e_Embryo2_Cell72,2,BOWR1,2,Trophectoderm,NANOG mosaic,20250121,20250117B,20241209,3,BOW7461A120
rawNANOGBE_BOW7461A122,BOW7461A122,20250121_NANOG_ABE8e_Embryo2_Cell74,2,BOWR1,2,Trophectoderm,NANOG mosaic,20250121,20250117B,20241209,0,BOW7461A122
rawNANOGBE_BOW7461A123,BOW7461A123,20250121_NANOG_ABE8e_Embryo2_Cell75,2,BOWR1,2,Trophectoderm,NANOG mosaic,20250121,20250117B,20241209,0,BOW7461A123
rawNANOGBE_BOW7461A124,BOW7461A124,20250121_NANOG_ABE8e_Embryo2_Cell76,2,BOWR1,2,Trophectoderm,NANOG mosaic,20250121,20250117B,20241209,0,BOW7461A124
rawNANOGBE_BOW7461A125,BOW7461A125,20250121_NANOG_ABE8e_Embryo2_Cell77,2,BOWR1,2,Trophectoderm,NANOG mosaic,20250121,20250117B,20241209,0,BOW7461A125
rawNANOGBE_BOW7461A126,BOW7461A126,20250121_NANOG_ABE8e_Embryo3_Cell139,3,BOWR1,3,ICM,NANOG mosaic,20250121,20250117B,20250114,19,BOW7461A126
rawNANOGBE_BOW7461A12,BOW7461A12,20241216_NANOG_ABE8e_Embryo1_Cell12,1,BOWR1,1,Trophectoderm,NANOG mosaic,20241216,20241115,20241022,0,BOW7461A12
rawNANOGBE_BOW7461A13,BOW7461A13,20241216_NANOG_ABE8e_Embryo1_Cell13,1,BOWR1,1,Trophectoderm,NANOG mosaic,20241216,20241115,20241022,0,BOW7461A13
rawNANOGBE_BOW7461A14,BOW7461A14,20241216_NANOG_ABE8e_Embryo1_Cell14,1,BOWR1,1,Trophectoderm,NANOG mosaic,20241216,20241115,20241022,0,BOW7461A14
rawNANOGBE_BOW7461A15,BOW7461A15,20241216_NANOG_ABE8e_Embryo1_Cell15,1,BOWR1,1,Trophectoderm,NANOG mosaic,20241216,20241115,20241022,1,BOW7461A15
rawNANOGBE_BOW7461A16,BOW7461A16,20241216_NANOG_ABE8e_Embryo1_Cell16,1,BOWR1,1,Trophectoderm,NANOG mosaic,20241216,20241115,20241022,0,BOW7461A16
rawNANOGBE_BOW7461A17,BOW7461A17,20241216_NANOG_ABE8e_Embryo1_Cell17,1,BOWR1,1,Trophectoderm,NANOG mosaic,20241216,20241204,20241022,1,BOW7461A17
rawNANOGBE_BOW7461A18,BOW7461A18,20241216_NANOG_ABE8e_Embryo1_Cell18,1,BOWR1,1,Trophectoderm,NANOG mosaic,20241216,20241204,20241022,0,BOW7461A18
rawNANOGBE_BOW7461A19,BOW7461A19,20241216_NANOG_ABE8e_Embryo1_Cell19,1,BOWR1,1,Trophectoderm,NANOG mosaic,20241216,20241204,20241022,1,BOW7461A19
rawNANOGBE_BOW7461A1,BOW7461A1,20241216_NANOG_ABE8e_Embryo1_Cell1,1,BOWR1,1,Trophectoderm,NANOG mosaic,20241216,20241115,20241022,2,BOW7461A1
rawNANOGBE_BOW7461A20,BOW7461A20,20241216_NANOG_ABE8e_Embryo1_Cell20,1,BOWR1,1,Trophectoderm,NANOG mosaic,20241216,20241204,20241022,107,BOW7461A20
rawNANOGBE_BOW7461A21,BOW7461A21,20241216_NANOG_ABE8e_Embryo1_Cell21,1,BOWR1,1,Trophectoderm,NANOG mosaic,20241216,20241204,20241022,0,BOW7461A21
rawNANOGBE_BOW7461A22,BOW7461A22,20241216_NANOG_ABE8e_Embryo1_Cell22,1,BOWR1,1,Trophectoderm,NANOG mosaic,20241216,20241204,20241022,0,BOW7461A22
rawNANOGBE_BOW7461A23,BOW7461A23,20241216_NANOG_ABE8e_Embryo1_Cell23,1,BOWR1,1,Trophectoderm,NANOG mosaic,20241216,20241204,20241022,0,BOW7461A23
rawNANOGBE_BOW7461A24,BOW7461A24,20241216_NANOG_ABE8e_Embryo1_Cell24,1,BOWR1,1,Trophectoderm,NANOG mosaic,20241216,20241204,20241022,0,BOW7461A24
rawNANOGBE_BOW7461A25,BOW7461A25,20241216_NANOG_ABE8e_Embryo1_Cell25,1,BOWR1,1,Trophectoderm,NANOG mosaic,20241216,20241204,20241022,0,BOW7461A25
rawNANOGBE_BOW7461A26,BOW7461A26,20241216_NANOG_ABE8e_Embryo1_Cell26,1,BOWR1,1,Trophectoderm,NANOG mosaic,20241216,20241204,20241022,0,BOW7461A26
rawNANOGBE_BOW7461A27,BOW7461A27,20241216_NANOG_ABE8e_Embryo1_Cell27,1,BOWR1,1,Trophectoderm,NANOG mosaic,20241216,20241204,20241022,0,BOW7461A27
rawNANOGBE_BOW7461A28,BOW7461A28,20241216_NANOG_ABE8e_Embryo1_Cell28,1,BOWR1,1,Trophectoderm,NANOG mosaic,20241216,20241204,20241022,2,BOW7461A28
rawNANOGBE_BOW7461A29,BOW7461A29,20241216_NANOG_ABE8e_Embryo1_Cell29,1,BOWR1,1,Trophectoderm,NANOG mosaic,20241216,20241204,20241022,0,BOW7461A29
rawNANOGBE_BOW7461A2,BOW7461A2,20241216_NANOG_ABE8e_Embryo1_Cell2,1,BOWR1,1,Trophectoderm,NANOG mosaic,20241216,20241115,20241022,0,BOW7461A2
rawNANOGBE_BOW7461A30,BOW7461A30,20241216_NANOG_ABE8e_Embryo1_Cell30,1,BOWR1,1,Trophectoderm,NANOG mosaic,20241216,20241204,20241022,1,BOW7461A30
rawNANOGBE_BOW7461A31,BOW7461A31,20241216_NANOG_ABE8e_Embryo1_Cell31,1,BOWR1,1,Trophectoderm,NANOG mosaic,20241216,20241204,20241022,1,BOW7461A31
rawNANOGBE_BOW7461A32,BOW7461A32,20241216_NANOG_ABE8e_Embryo1_Cell32,1,BOWR1,1,Trophectoderm,NANOG mosaic,20241216,20241204,20241022,1,BOW7461A32
rawNANOGBE_BOW7461A33,BOW7461A33,20241216_NANOG_ABE8e_Embryo1_Cell33,1,BOWR1,1,Trophectoderm,NANOG mosaic,20241216,20241204,20241022,2,BOW7461A33
rawNANOGBE_BOW7461A34,BOW7461A34,20241216_NANOG_ABE8e_Embryo1_Cell34,1,BOWR1,1,Trophectoderm,NANOG mosaic,20241216,20241204,20241022,4,BOW7461A34
rawNANOGBE_BOW7461A35,BOW7461A35,20241216_NANOG_ABE8e_Embryo1_Cell35,1,BOWR1,1,Trophectoderm,NANOG mosaic,20241216,20241204,20241022,2,BOW7461A35
rawNANOGBE_BOW7461A36,BOW7461A36,20241216_NANOG_ABE8e_Embryo1_Cell36,1,BOWR1,1,Trophectoderm,NANOG mosaic,20241216,20241204,20241022,0,BOW7461A36
rawNANOGBE_BOW7461A37,BOW7461A37,20241216_NANOG_ABE8e_Embryo1_Cell37,1,BOWR1,1,Trophectoderm,NANOG mosaic,20241216,20241204,20241022,0,BOW7461A37
rawNANOGBE_BOW7461A38,BOW7461A38,20241216_NANOG_ABE8e_Embryo1_Cell38,1,BOWR1,1,Trophectoderm,NANOG mosaic,20241216,20241204,20241022,6,BOW7461A38
rawNANOGBE_BOW7461A39,BOW7461A39,20241216_NANOG_ABE8e_Embryo1_Cell39,1,BOWR1,1,Trophectoderm,NANOG mosaic,20241216,20241204,20241022,0,BOW7461A39
rawNANOGBE_BOW7461A41,BOW7461A41,20241216_NANOG_ABE8e_Embryo2_Cell41,2,BOWR1,2,Trophectoderm,NANOG mosaic,20241216,20241213,20241209,0,BOW7461A41
rawNANOGBE_BOW7461A42,BOW7461A42,20241216_NANOG_ABE8e_Embryo2_Cell42,2,BOWR1,2,Trophectoderm,NANOG mosaic,20241216,20241213,20241209,2,BOW7461A42
rawNANOGBE_BOW7461A43,BOW7461A43,20241216_NANOG_ABE8e_Embryo2_Cell43,2,BOWR1,2,Trophectoderm,NANOG mosaic,20241216,20241213,20241209,66,BOW7461A43
rawNANOGBE_BOW7461A44,BOW7461A44,20241216_NANOG_ABE8e_Embryo2_Cell44,2,BOWR1,2,Primitive endoderm,NANOG mosaic,20241216,20241213,20241209,749,BOW7461A44
rawNANOGBE_BOW7461A45,BOW7461A45,20241216_NANOG_ABE8e_Embryo2_Cell45,2,BOWR1,2,Primitive endoderm,NANOG mosaic,20241216,20241213,20241209,166,BOW7461A45
rawNANOGBE_BOW7461A46,BOW7461A46,20241216_NANOG_ABE8e_Embryo2_Cell46,2,BOWR1,2,Trophectoderm,NANOG mosaic,20241216,20241213,20241209,40,BOW7461A46
rawNANOGBE_BOW7461A47,BOW7461A47,20241216_NANOG_ABE8e_Embryo2_Cell47,2,BOWR1,2,Epiblast,NANOG mosaic,20241216,20241213,20241209,1514,BOW7461A47
rawNANOGBE_BOW7461A48,BOW7461A48,20241216_NANOG_ABE8e_Embryo2_Cell48,2,BOWR1,2,Trophectoderm,NANOG mosaic,20241216,20241213,20241209,707,BOW7461A48
rawNANOGBE_BOW7461A49,BOW7461A49,20241216_NANOG_ABE8e_Embryo2_Cell49,2,BOWR1,2,Trophectoderm,NANOG mosaic,20241216,20241213,20241209,3,BOW7461A49
rawNANOGBE_BOW7461A4,BOW7461A4,20241216_NANOG_ABE8e_Embryo1_Cell4,1,BOWR1,1,Trophectoderm,NANOG mosaic,20241216,20241115,20241022,557,BOW7461A4
rawNANOGBE_BOW7461A50,BOW7461A50,20241216_NANOG_ABE8e_Embryo2_Cell50,2,BOWR1,2,Trophectoderm,NANOG mosaic,20241216,20241213,20241209,0,BOW7461A50
rawNANOGBE_BOW7461A51,BOW7461A51,20241216_NANOG_ABE8e_Embryo2_Cell51,2,BOWR1,2,Trophectoderm,NANOG mosaic,20241216,20241213,20241209,0,BOW7461A51
rawNANOGBE_BOW7461A52,BOW7461A52,20241216_NANOG_ABE8e_Embryo2_Cell52,2,BOWR1,2,Trophectoderm,NANOG mosaic,20241216,20241213,20241209,0,BOW7461A52
rawNANOGBE_BOW7461A53,BOW7461A53,20241216_NANOG_ABE8e_Embryo2_Cell53,2,BOWR1,2,Trophectoderm,NANOG mosaic,20241216,20241213,20241209,12,BOW7461A53
rawNANOGBE_BOW7461A54,BOW7461A54,20241216_NANOG_ABE8e_Embryo2_Cell54,2,BOWR1,2,Trophectoderm,NANOG mosaic,20241216,20241213,20241209,0,BOW7461A54
rawNANOGBE_BOW7461A55,BOW7461A55,20241216_NANOG_ABE8e_Embryo2_Cell55,2,BOWR1,2,Trophectoderm,NANOG mosaic,20241216,20241213,20241209,3,BOW7461A55
rawNANOGBE_BOW7461A56,BOW7461A56,20241216_NANOG_ABE8e_Embryo2_Cell56,2,BOWR1,2,Trophectoderm,NANOG mosaic,20241216,20241213,20241209,56,BOW7461A56
rawNANOGBE_BOW7461A57,BOW7461A57,20250121_NANOG_ABE8e_Embryo3_Cell91,3,BOWR1,3,Trophectoderm,NANOG mosaic,20250121,20250117A,20250114,269,BOW7461A57
rawNANOGBE_BOW7461A59,BOW7461A59,20250121_NANOG_ABE8e_Embryo3_Cell93,3,BOWR1,3,Trophectoderm,NANOG mosaic,20250121,20250117A,20250114,0,BOW7461A59
rawNANOGBE_BOW7461A5,BOW7461A5,20241216_NANOG_ABE8e_Embryo1_Cell5,1,BOWR1,1,Trophectoderm,NANOG mosaic,20241216,20241115,20241022,1,BOW7461A5
rawNANOGBE_BOW7461A60,BOW7461A60,20250121_NANOG_ABE8e_Embryo3_Cell94,3,BOWR1,3,Trophectoderm,NANOG mosaic,20250121,20250117A,20250114,114,BOW7461A60
rawNANOGBE_BOW7461A61,BOW7461A61,20250121_NANOG_ABE8e_Embryo3_Cell95,3,BOWR1,3,Trophectoderm,NANOG mosaic,20250121,20250117A,20250114,1,BOW7461A61
rawNANOGBE_BOW7461A62,BOW7461A62,20250121_NANOG_ABE8e_Embryo3_Cell96,3,BOWR1,3,Trophectoderm,NANOG mosaic,20250121,20250117A,20250114,1,BOW7461A62
rawNANOGBE_BOW7461A63,BOW7461A63,20250121_NANOG_ABE8e_Embryo3_Cell97,3,BOWR1,3,Epiblast,NANOG mosaic,20250121,20250117A,20250114,3085,BOW7461A63
rawNANOGBE_BOW7461A64,BOW7461A64,20250121_NANOG_ABE8e_Embryo3_Cell98,3,BOWR1,3,Trophectoderm,NANOG mosaic,20250121,20250117A,20250114,5,BOW7461A64
rawNANOGBE_BOW7461A65,BOW7461A65,20250121_NANOG_ABE8e_Embryo3_Cell99,3,BOWR1,3,ICM,NANOG mosaic,20250121,20250117A,20250114,2991,BOW7461A65
rawNANOGBE_BOW7461A66,BOW7461A66,20250121_NANOG_ABE8e_Embryo3_Cell100,3,BOWR1,3,Trophectoderm,NANOG mosaic,20250121,20250117A,20250114,65,BOW7461A66
rawNANOGBE_BOW7461A67,BOW7461A67,20250121_NANOG_ABE8e_Embryo3_Cell101,3,BOWR1,3,Trophectoderm,NANOG mosaic,20250121,20250117A,20250114,0,BOW7461A67
rawNANOGBE_BOW7461A68,BOW7461A68,20250121_NANOG_ABE8e_Embryo3_Cell102,3,BOWR1,3,ICM,NANOG mosaic,20250121,20250117A,20250114,926,BOW7461A68
rawNANOGBE_BOW7461A69,BOW7461A69,20250121_NANOG_ABE8e_Embryo3_Cell103,3,BOWR1,3,Trophectoderm,NANOG mosaic,20250121,20250117A,20250114,10,BOW7461A69
rawNANOGBE_BOW7461A6,BOW7461A6,20241216_NANOG_ABE8e_Embryo1_Cell6,1,BOWR1,1,Trophectoderm,NANOG mosaic,20241216,20241115,20241022,1,BOW7461A6
rawNANOGBE_BOW7461A71,BOW7461A71,20250121_NANOG_ABE8e_Embryo3_Cell105,3,BOWR1,3,Trophectoderm,NANOG mosaic,20250121,20250117A,20250114,8,BOW7461A71
rawNANOGBE_BOW7461A72,BOW7461A72,20250121_NANOG_ABE8e_Embryo3_Cell106,3,BOWR1,3,Trophectoderm,NANOG mosaic,20250121,20250117A,20250114,0,BOW7461A72
rawNANOGBE_BOW7461A73,BOW7461A73,20250121_NANOG_ABE8e_Embryo3_Cell107,3,BOWR1,3,Trophectoderm,NANOG mosaic,20250121,20250117A,20250114,54,BOW7461A73
rawNANOGBE_BOW7461A74,BOW7461A74,20250121_NANOG_ABE8e_Embryo3_Cell108,3,BOWR1,3,Trophectoderm,NANOG mosaic,20250121,20250117A,20250114,123,BOW7461A74
rawNANOGBE_BOW7461A75,BOW7461A75,20250121_NANOG_ABE8e_Embryo3_Cell109,3,BOWR1,3,Trophectoderm,NANOG mosaic,20250121,20250117A,20250114,9,BOW7461A75
rawNANOGBE_BOW7461A76,BOW7461A76,20250121_NANOG_ABE8e_Embryo3_Cell110,3,BOWR1,3,Trophectoderm,NANOG mosaic,20250121,20250117A,20250114,0,BOW7461A76
rawNANOGBE_BOW7461A77,BOW7461A77,20250121_NANOG_ABE8e_Embryo3_Cell111,3,BOWR1,3,Trophectoderm,NANOG mosaic,20250121,20250117A,20250114,0,BOW7461A77
rawNANOGBE_BOW7461A78,BOW7461A78,20250121_NANOG_ABE8e_Embryo3_Cell112,3,BOWR1,3,Trophectoderm,NANOG mosaic,20250121,20250117A,20250114,4,BOW7461A78
rawNANOGBE_BOW7461A79,BOW7461A79,20250121_NANOG_ABE8e_Embryo3_Cell113,3,BOWR1,3,Trophectoderm,NANOG mosaic,20250121,20250117A,20250114,47,BOW7461A79
rawNANOGBE_BOW7461A80,BOW7461A80,20250121_NANOG_ABE8e_Embryo3_Cell114,3,BOWR1,3,Trophectoderm,NANOG mosaic,20250121,20250117A,20250114,290,BOW7461A80
rawNANOGBE_BOW7461A81,BOW7461A81,20250121_NANOG_ABE8e_Embryo2_Cell57,2,BOWR1,2,Trophectoderm,NANOG mosaic,20250121,20250117A,20241209,140,BOW7461A81
rawNANOGBE_BOW7461A82,BOW7461A82,20250121_NANOG_ABE8e_Embryo2_Cell58,2,BOWR1,2,Trophectoderm,NANOG mosaic,20250121,20250117A,20241209,9,BOW7461A82
rawNANOGBE_BOW7461A83,BOW7461A83,20250121_NANOG_ABE8e_Embryo2_Cell59,2,BOWR1,2,Trophectoderm,NANOG mosaic,20250121,20250117A,20241209,2,BOW7461A83
rawNANOGBE_BOW7461A84,BOW7461A84,20250121_NANOG_ABE8e_Embryo2_Cell60,2,BOWR1,2,Trophectoderm,NANOG mosaic,20250121,20250117A,20241209,1,BOW7461A84
rawNANOGBE_BOW7461A85,BOW7461A85,20250121_NANOG_ABE8e_Embryo2_Cell61,2,BOWR1,2,Trophectoderm,NANOG mosaic,20250121,20250117A,20241209,4,BOW7461A85
rawNANOGBE_BOW7461A86,BOW7461A86,20250121_NANOG_ABE8e_Embryo2_Cell62,2,BOWR1,2,Trophectoderm,NANOG mosaic,20250121,20250117A,20241209,9,BOW7461A86
rawNANOGBE_BOW7461A87,BOW7461A87,20250121_NANOG_ABE8e_Embryo2_Cell63,2,BOWR1,2,Trophectoderm,NANOG mosaic,20250121,20250117A,20241209,2,BOW7461A87
rawNANOGBE_BOW7461A88,BOW7461A88,20250121_NANOG_ABE8e_Embryo2_Cell64,2,BOWR1,2,Trophectoderm,NANOG mosaic,20250121,20250117A,20241209,4,BOW7461A88
rawNANOGBE_BOW7461A89,BOW7461A89,20250121_NANOG_ABE8e_Embryo3_Cell115,3,BOWR1,3,Trophectoderm,NANOG mosaic,20250121,20250117B,20250114,36,BOW7461A89
rawNANOGBE_BOW7461A8,BOW7461A8,20241216_NANOG_ABE8e_Embryo1_Cell8,1,BOWR1,1,Trophectoderm,NANOG mosaic,20241216,20241115,20241022,0,BOW7461A8
rawNANOGBE_BOW7461A90,BOW7461A90,20250121_NANOG_ABE8e_Embryo3_Cell116,3,BOWR1,3,ICM,NANOG mosaic,20250121,20250117B,20250114,2408,BOW7461A90
rawNANOGBE_BOW7461A91,BOW7461A91,20250121_NANOG_ABE8e_Embryo3_Cell117,3,BOWR1,3,Trophectoderm,NANOG mosaic,20250121,20250117B,20250114,52,BOW7461A91
rawNANOGBE_BOW7461A92,BOW7461A92,20250121_NANOG_ABE8e_Embryo3_Cell118,3,BOWR1,3,Trophectoderm,NANOG mosaic,20250121,20250117B,20250114,129,BOW7461A92
rawNANOGBE_BOW7461A93,BOW7461A93,20250121_NANOG_ABE8e_Embryo3_Cell119,3,BOWR1,3,Trophectoderm,NANOG mosaic,20250121,20250117B,20250114,898,BOW7461A93
rawNANOGBE_BOW7461A94,BOW7461A94,20250121_NANOG_ABE8e_Embryo3_Cell120,3,BOWR1,3,Trophectoderm,NANOG mosaic,20250121,20250117B,20250114,988,BOW7461A94
rawNANOGBE_BOW7461A95,BOW7461A95,20250121_NANOG_ABE8e_Embryo3_Cell121,3,BOWR1,3,ICM,NANOG mosaic,20250121,20250117B,20250114,1752,BOW7461A95
rawNANOGBE_BOW7461A96,BOW7461A96,20250121_NANOG_ABE8e_Embryo3_Cell122,3,BOWR1,3,Trophectoderm,NANOG mosaic,20250121,20250117B,20250114,1241,BOW7461A96
rawNANOGBE_BOW7461A97,BOW7461A97,20250121_NANOG_ABE8e_Embryo3_Cell123,3,BOWR1,3,ICM,NANOG mosaic,20250121,20250117B,20250114,5594,BOW7461A97
rawNANOGBE_BOW7461A98,BOW7461A98,20250121_NANOG_ABE8e_Embryo3_Cell124,3,BOWR1,3,ICM,NANOG mosaic,20250121,20250117B,20250114,2849,BOW7461A98
rawNANOGBE_BOW7461A99,BOW7461A99,20250121_NANOG_ABE8e_Embryo3_Cell125,3,BOWR1,3,ICM,NANOG mosaic,20250121,20250117B,20250114,3010,BOW7461A99
rawNANOGBER3_BOW7461A128,BOW7461A128,20250417_NANOG_ABE8e_Embryo4_Cell141,4,BOWR3,4,Trophectoderm,NANOG homozygous,20250417,20250416,20250410,0,BOW7461A128
rawNANOGBER3_BOW7461A129,BOW7461A129,20250417_NANOG_ABE8e_Embryo4_Cell142,4,BOWR3,4,Trophectoderm,NANOG homozygous,20250417,20250416,20250410,0,BOW7461A129
rawNANOGBER3_BOW7461A130,BOW7461A130,20250417_NANOG_ABE8e_Embryo4_Cell143,4,BOWR3,4,Trophectoderm,NANOG homozygous,20250417,20250416,20250410,0,BOW7461A130
rawNANOGBER3_BOW7461A131,BOW7461A131,20250417_NANOG_ABE8e_Embryo4_Cell144,4,BOWR3,4,Trophectoderm,NANOG homozygous,20250417,20250416,20250410,0,BOW7461A131
rawNANOGBER3_BOW7461A132,BOW7461A132,20250417_NANOG_ABE8e_Embryo4_Cell145,4,BOWR3,4,Trophectoderm,NANOG homozygous,20250417,20250416,20250410,0,BOW7461A132
rawNANOGBER3_BOW7461A133,BOW7461A133,20250417_NANOG_ABE8e_Embryo4_Cell146,4,BOWR3,4,Trophectoderm,NANOG homozygous,20250417,20250416,20250410,0,BOW7461A133
rawNANOGBER3_BOW7461A136,BOW7461A136,20250417_NANOG_ABE8e_Embryo4_Cell149,4,BOWR3,4,Trophectoderm,NANOG homozygous,20250417,20250416,20250410,0,BOW7461A136
rawNANOGBER3_BOW7461A137,BOW7461A137,20250417_NANOG_ABE8e_Embryo4_Cell150,4,BOWR3,4,Trophectoderm,NANOG homozygous,20250417,20250416,20250410,0,BOW7461A137
rawNANOGBER3_BOW7461A138,BOW7461A138,20250417_NANOG_ABE8e_Embryo4_Cell151,4,BOWR3,4,Trophectoderm,NANOG homozygous,20250417,20250416,20250410,0,BOW7461A138
rawNANOGBER3_BOW7461A139,BOW7461A139,20250417_NANOG_ABE8e_Embryo4_Cell152,4,BOWR3,4,Trophectoderm,NANOG homozygous,20250417,20250416,20250410,0,BOW7461A139
rawNANOGBER3_BOW7461A140,BOW7461A140,20250417_NANOG_ABE8e_Embryo4_Cell153,4,BOWR3,4,Trophectoderm,NANOG homozygous,20250417,20250416,20250410,0,BOW7461A140
rawNANOGBER3_BOW7461A142,BOW7461A142,20250417_NANOG_ABE8e_Embryo4_Cell155,4,BOWR3,4,Trophectoderm,NANOG homozygous,20250417,20250416,20250410,0,BOW7461A142
rawNANOGBER3_BOW7461A143,BOW7461A143,20250417_NANOG_ABE8e_Embryo4_Cell156,4,BOWR3,4,Trophectoderm,NANOG homozygous,20250417,20250416,20250410,8,BOW7461A143
rawNANOGBER3_BOW7461A144,BOW7461A144,20250417_NANOG_ABE8e_Embryo4_Cell157,4,BOWR3,4,Trophectoderm,NANOG homozygous,20250417,20250416,20250410,0,BOW7461A144
rawNANOGBER3_BOW7461A145,BOW7461A145,20250417_NANOG_ABE8e_Embryo4_Cell158,4,BOWR3,4,Trophectoderm,NANOG homozygous,20250417,20250416,20250410,0,BOW7461A145
rawNANOGBER3_BOW7461A146,BOW7461A146,20250417_NANOG_ABE8e_Embryo4_Cell159,4,BOWR3,4,Trophectoderm,NANOG homozygous,20250417,20250416,20250410,0,BOW7461A146
rawNANOGBER3_BOW7461A147,BOW7461A147,20250417_NANOG_ABE8e_Embryo4_Cell160,4,BOWR3,4,Trophectoderm,NANOG homozygous,20250417,20250416,20250410,0,BOW7461A147
rawNANOGBER3_BOW7461A148,BOW7461A148,20250417_NANOG_ABE8e_Embryo4_Cell161,4,BOWR3,4,Trophectoderm,NANOG homozygous,20250417,20250416,20250410,0,BOW7461A148
rawNANOGBER3_BOW7461A149,BOW7461A149,20250417_NANOG_ABE8e_Embryo4_Cell162,4,BOWR3,4,Trophectoderm,NANOG homozygous,20250417,20250416,20250410,0,BOW7461A149
rawNANOGBER3_BOW7461A150,BOW7461A150,20250417_NANOG_ABE8e_Embryo4_Cell163,4,BOWR3,4,Trophectoderm,NANOG homozygous,20250417,20250416,20250410,0,BOW7461A150
rawNANOGBER3_BOW7461A152,BOW7461A152,20250417_NANOG_ABE8e_Embryo4_Cell165,4,BOWR3,4,Trophectoderm,NANOG homozygous,20250417,20250416,20250410,0,BOW7461A152
rawNANOGBER3_BOW7461A153,BOW7461A153,20250417_NANOG_ABE8e_Embryo4_Cell166,4,BOWR3,4,Trophectoderm,NANOG homozygous,20250417,20250416,20250410,0,BOW7461A153
rawNANOGBER3_BOW7461A154,BOW7461A154,20250417_NANOG_ABE8e_Embryo4_Cell167,4,BOWR3,4,Trophectoderm,NANOG homozygous,20250417,20250416,20250410,0,BOW7461A154
rawNANOGBER3_BOW7461A158,BOW7461A158,20250417_NANOG_ABE8e_Embryo4_Cell171,4,BOWR3,4,Primitive endoderm,NANOG homozygous,20250417,20250416,20250410,0,BOW7461A158
rawNANOGBER3_BOW7461A160,BOW7461A160,20250417_NANOG_ABE8e_Embryo4_Cell173,4,BOWR3,4,Trophectoderm,NANOG homozygous,20250417,20250415,20250410,0,BOW7461A160
rawNANOGBER3_BOW7461A161,BOW7461A161,20250417_NANOG_ABE8e_Embryo4_Cell174,4,BOWR3,4,Trophectoderm,NANOG homozygous,20250417,20250415,20250410,0,BOW7461A161
rawNANOGBER3_BOW7461A162,BOW7461A162,20250417_NANOG_ABE8e_Embryo4_Cell175,4,BOWR3,4,Trophectoderm,NANOG homozygous,20250417,20250415,20250410,0,BOW7461A162
rawNANOGBER3_BOW7461A163,BOW7461A163,20250417_NANOG_ABE8e_Embryo4_Cell176,4,BOWR3,4,Trophectoderm,NANOG homozygous,20250417,20250415,20250410,0,BOW7461A163
rawNANOGBER3_BOW7461A164,BOW7461A164,20250417_NANOG_ABE8e_Embryo4_Cell177,4,BOWR3,4,Trophectoderm,NANOG homozygous,20250417,20250415,20250410,0,BOW7461A164
rawNANOGBER3_BOW7461A165,BOW7461A165,20250417_NANOG_ABE8e_Embryo4_Cell178,4,BOWR3,4,Trophectoderm,NANOG homozygous,20250417,20250415,20250410,0,BOW7461A165
rawNANOGBER3_BOW7461A167,BOW7461A167,20250417_NANOG_ABE8e_Embryo4_Cell180,4,BOWR3,4,Trophectoderm,NANOG homozygous,20250417,20250415,20250410,0,BOW7461A167
rawNANOGBER3_BOW7461A168,BOW7461A168,20250417_NANOG_ABE8e_Embryo4_Cell181,4,BOWR3,4,Trophectoderm,NANOG homozygous,20250417,20250415,20250410,0,BOW7461A168
rawNANOGBER3_BOW7461A170,BOW7461A170,20250417_NANOG_ABE8e_Embryo4_Cell183,4,BOWR3,4,Trophectoderm,NANOG homozygous,20250417,20250415,20250410,0,BOW7461A170
rawNANOGBER3_BOW7461A171,BOW7461A171,20250417_NANOG_ABE8e_Embryo4_Cell184,4,BOWR3,4,Trophectoderm,NANOG homozygous,20250417,20250415,20250410,0,BOW7461A171
rawNANOGBER3_BOW7461A172,BOW7461A172,20250417_NANOG_ABE8e_Embryo4_Cell185,4,BOWR3,4,Trophectoderm,NANOG homozygous,20250417,20250415,20250410,0,BOW7461A172
rawNANOGBER3_BOW7461A173,BOW7461A173,20250417_NANOG_ABE8e_Embryo4_Cell186,4,BOWR3,4,Trophectoderm,NANOG homozygous,20250417,20250415,20250410,0,BOW7461A173
rawNANOGBER3_BOW7461A175,BOW7461A175,20250417_NANOG_ABE8e_Embryo4_Cell188,4,BOWR3,4,Primitive endoderm,NANOG homozygous,20250417,20250415,20250410,0,BOW7461A175
rawNANOGBER3_BOW7461A176,BOW7461A176,20250417_NANOG_ABE8e_Embryo4_Cell189,4,BOWR3,4,Primitive endoderm,NANOG homozygous,20250417,20250415,20250410,0,BOW7461A176
rawNANOGBER3_BOW7461A177,BOW7461A177,20250417_NANOG_ABE8e_Embryo4_Cell190,4,BOWR3,4,Primitive endoderm,NANOG homozygous,20250417,20250415,20250410,0,BOW7461A177
rawNANOGBER3_BOW7461A178,BOW7461A178,20250417_NANOG_ABE8e_Embryo4_Cell191,4,BOWR3,4,Primitive endoderm,NANOG homozygous,20250417,20250415,20250410,95,BOW7461A178
rawNANOGBER3_BOW7461A179,BOW7461A179,20250417_NANOG_ABE8e_Embryo4_Cell192,4,BOWR3,4,ICM,NANOG homozygous,20250417,20250415,20250410,148,BOW7461A179
rawNANOGBER4_BOW7461A181,BOW7461A181,20250729_NANOG_ABE8e_Embryo5_Cell193,5,BOWR4,5,Trophectoderm,NANOG mosaic,20250729,20250726,20250721,4,BOW7461A181
rawNANOGBER4_BOW7461A183,BOW7461A183,20250729_NANOG_ABE8e_Embryo5_Cell195,5,BOWR4,5,ICM,NANOG mosaic,20250729,20250726,20250721,3,BOW7461A183
rawNANOGBER4_BOW7461A184,BOW7461A184,20250729_NANOG_ABE8e_Embryo5_Cell196,5,BOWR4,5,Trophectoderm,NANOG mosaic,20250729,20250726,20250721,1,BOW7461A184
rawNANOGBER4_BOW7461A186,BOW7461A186,20250729_NANOG_ABE8e_Embryo5_Cell198,5,BOWR4,5,Trophectoderm,NANOG mosaic,20250729,20250726,20250721,0,BOW7461A186
rawNANOGBER4_BOW7461A189,BOW7461A189,20250729_NANOG_ABE8e_Embryo5_Cell201,5,BOWR4,5,Trophectoderm,NANOG mosaic,20250729,20250726,20250721,223,BOW7461A189
rawNANOGBER4_BOW7461A190,BOW7461A190,20250729_NANOG_ABE8e_Embryo5_Cell202,5,BOWR4,5,Trophectoderm,NANOG mosaic,20250729,20250726,20250721,3,BOW7461A190
rawNANOGBER4_BOW7461A191,BOW7461A191,20250729_NANOG_ABE8e_Embryo5_Cell203,5,BOWR4,5,Trophectoderm,NANOG mosaic,20250729,20250726,20250721,1,BOW7461A191
rawNANOGBER4_BOW7461A192,BOW7461A192,20250729_NANOG_ABE8e_Embryo5_Cell204,5,BOWR4,5,ICM,NANOG mosaic,20250729,20250726,20250721,137,BOW7461A192
rawNANOGBER4_BOW7461A193,BOW7461A193,20250729_NANOG_ABE8e_Embryo5_Cell205,5,BOWR4,5,ICM,NANOG mosaic,20250729,20250726,20250721,103,BOW7461A193
rawNANOGBER4_BOW7461A194,BOW7461A194,20250729_NANOG_ABE8e_Embryo5_Cell206,5,BOWR4,5,ICM,NANOG mosaic,20250729,20250726,20250721,6,BOW7461A194
rawNANOGBER4_BOW7461A195,BOW7461A195,20250729_NANOG_ABE8e_Embryo5_Cell207,5,BOWR4,5,Trophectoderm,NANOG mosaic,20250729,20250726,20250721,3,BOW7461A195
rawNANOGBER4_BOW7461A197,BOW7461A197,20250729_NANOG_ABE8e_Embryo6_Cell222,6,BOWR4,6,Trophectoderm,NANOG mosaic,20250729,20250726,20250722,2,BOW7461A197
rawNANOGBER4_BOW7461A198,BOW7461A198,20250729_NANOG_ABE8e_Embryo6_Cell223,6,BOWR4,6,Trophectoderm,NANOG mosaic,20250729,20250726,20250722,442,BOW7461A198
rawNANOGBER4_BOW7461A199,BOW7461A199,20250729_NANOG_ABE8e_Embryo6_Cell224,6,BOWR4,6,ICM,NANOG mosaic,20250729,20250726,20250722,598,BOW7461A199
rawNANOGBER4_BOW7461A200,BOW7461A200,20250729_NANOG_ABE8e_Embryo6_Cell225,6,BOWR4,6,ICM,NANOG mosaic,20250729,20250726,20250722,3807,BOW7461A200
rawNANOGBER4_BOW7461A201,BOW7461A201,20250729_NANOG_ABE8e_Embryo6_Cell226,6,BOWR4,6,ICM,NANOG mosaic,20250729,20250726,20250722,631,BOW7461A201
rawNANOGBER4_BOW7461A202,BOW7461A202,20250729_NANOG_ABE8e_Embryo6_Cell227,6,BOWR4,6,Trophectoderm,NANOG mosaic,20250729,20250726,20250722,181,BOW7461A202
rawNANOGBER4_BOW7461A203,BOW7461A203,20250729_NANOG_ABE8e_Embryo6_Cell228,6,BOWR4,6,ICM,NANOG mosaic,20250729,20250726,20250722,654,BOW7461A203
rawNANOGBER4_BOW7461A204,BOW7461A204,20250729_NANOG_ABE8e_Embryo6_Cell229,6,BOWR4,6,ICM,NANOG mosaic,20250729,20250726,20250722,1052,BOW7461A204
rawNANOGBER4_BOW7461A205,BOW7461A205,20250729_NANOG_ABE8e_Embryo6_Cell230,6,BOWR4,6,Trophectoderm,NANOG mosaic,20250729,20250726,20250722,6,BOW7461A205
rawNANOGBER4_BOW7461A206,BOW7461A206,20250729_NANOG_ABE8e_Embryo6_Cell231,6,BOWR4,6,ICM,NANOG mosaic,20250729,20250726,20250722,2684,BOW7461A206
rawNANOGBER4_BOW7461A207,BOW7461A207,20250729_NANOG_ABE8e_Embryo6_Cell232,6,BOWR4,6,Trophectoderm,NANOG mosaic,20250729,20250726,20250722,0,BOW7461A207
rawNANOGBER4_BOW7461A208,BOW7461A208,20250729_NANOG_ABE8e_Embryo6_Cell233,6,BOWR4,6,Trophectoderm,NANOG mosaic,20250729,20250726,20250722,2,BOW7461A208
rawNANOGBER4_BOW7461A209,BOW7461A209,20250729_NANOG_ABE8e_Embryo6_Cell234,6,BOWR4,6,ICM,NANOG mosaic,20250729,20250726,20250722,1476,BOW7461A209
rawNANOGBER4_BOW7461A210,BOW7461A210,20250729_NANOG_ABE8e_Embryo6_Cell235,6,BOWR4,6,Trophectoderm,NANOG mosaic,20250729,20250726,20250722,6,BOW7461A210
rawNANOGBER4_BOW7461A211,BOW7461A211,20250729_NANOG_ABE8e_Embryo6_Cell236,6,BOWR4,6,ICM,NANOG mosaic,20250729,20250726,20250722,8,BOW7461A211
rawNANOGBER4_BOW7461A212,BOW7461A212,20250729_NANOG_ABE8e_Embryo6_Cell237,6,BOWR4,6,Trophectoderm,NANOG mosaic,20250729,20250726,20250722,0,BOW7461A212
rawNANOGBER5_BOW7461A213,BOW7461A213,20250924_NANOG_ABE8e_Embryo7_Cell264,7,BOWR5,7,ICM,NANOG homozygous,20250924,20250919,20250723,11,BOW7461A213
rawNANOGBER5_BOW7461A214,BOW7461A214,20250924_NANOG_ABE8e_Embryo7_Cell265,7,BOWR5,7,ICM,NANOG homozygous,20250924,20250919,20250723,0,BOW7461A214
rawNANOGBER5_BOW7461A215,BOW7461A215,20250924_NANOG_ABE8e_Embryo7_Cell266,7,BOWR5,7,Trophectoderm,NANOG homozygous,20250924,20250919,20250723,0,BOW7461A215
rawNANOGBER5_BOW7461A216,BOW7461A216,20250924_NANOG_ABE8e_Embryo7_Cell267,7,BOWR5,7,ICM,NANOG homozygous,20250924,20250919,20250723,215,BOW7461A216
rawNANOGBER5_BOW7461A217,BOW7461A217,20250924_NANOG_ABE8e_Embryo7_Cell268,7,BOWR5,7,ICM,NANOG homozygous,20250924,20250919,20250723,340,BOW7461A217
rawNANOGBER5_BOW7461A218,BOW7461A218,20250924_NANOG_ABE8e_Embryo7_Cell269,7,BOWR5,7,ICM,NANOG homozygous,20250924,20250919,20250723,171,BOW7461A218
rawNANOGBER5_BOW7461A219,BOW7461A219,20250924_NANOG_ABE8e_Embryo7_Cell270,7,BOWR5,7,ICM,NANOG homozygous,20250924,20250919,20250723,0,BOW7461A219
rawNANOGBER5_BOW7461A220,BOW7461A220,20250924_NANOG_ABE8e_Embryo7_Cell271,7,BOWR5,7,ICM,NANOG homozygous,20250924,20250919,20250723,14,BOW7461A220
rawNANOGBER5_BOW7461A222,BOW7461A222,20250924_AAVS1_ABE8e_AAVS1Em1_Cell323,AAVS1_Em1,BOWR5,AAVS1_Em1,Trophectoderm,AAVS1 targeted,20250924,20250919,20250909,3,BOW7461A222
rawNANOGBER5_BOW7461A223,BOW7461A223,20250924_AAVS1_ABE8e_AAVS1Em1_Cell324,AAVS1_Em1,BOWR5,AAVS1_Em1,Primitive endoderm,AAVS1 targeted,20250924,20250919,20250909,0,BOW7461A223
rawNANOGBER5_BOW7461A224,BOW7461A224,20250924_AAVS1_ABE8e_AAVS1Em1_Cell325,AAVS1_Em1,BOWR5,AAVS1_Em1,Primitive endoderm,AAVS1 targeted,20250924,20250919,20250909,0,BOW7461A224
rawNANOGBER5_BOW7461A225,BOW7461A225,20250924_AAVS1_ABE8e_AAVS1Em1_Cell326,AAVS1_Em1,BOWR5,AAVS1_Em1,Trophectoderm,AAVS1 targeted,20250924,20250919,20250909,0,BOW7461A225
rawNANOGBER5_BOW7461A226,BOW7461A226,20250924_AAVS1_ABE8e_AAVS1Em1_Cell327,AAVS1_Em1,BOWR5,AAVS1_Em1,Primitive endoderm,AAVS1 targeted,20250924,20250919,20250909,0,BOW7461A226
rawNANOGBER5_BOW7461A227,BOW7461A227,20250924_AAVS1_ABE8e_AAVS1Em1_Cell328,AAVS1_Em1,BOWR5,AAVS1_Em1,Trophectoderm,AAVS1 targeted,20250924,20250919,20250909,0,BOW7461A227
rawNANOGBER5_BOW7461A228,BOW7461A228,20250924_AAVS1_ABE8e_AAVS1Em1_Cell329,AAVS1_Em1,BOWR5,AAVS1_Em1,Epiblast,AAVS1 targeted,20250924,20250919,20250909,9587,BOW7461A228
rawNANOGBER5_BOW7461A229,BOW7461A229,20250924_AAVS1_ABE8e_AAVS1Em1_Cell330,AAVS1_Em1,BOWR5,AAVS1_Em1,Trophectoderm,AAVS1 targeted,20250924,20250919,20250909,235,BOW7461A229
rawNANOGBER5_BOW7461A230,BOW7461A230,20250924_AAVS1_ABE8e_AAVS1Em1_Cell331,AAVS1_Em1,BOWR5,AAVS1_Em1,Trophectoderm,AAVS1 targeted,20250924,20250919,20250909,3,BOW7461A230
rawNANOGBER5_BOW7461A231,BOW7461A231,20250924_AAVS1_ABE8e_AAVS1Em1_Cell332,AAVS1_Em1,BOWR5,AAVS1_Em1,Trophectoderm,AAVS1 targeted,20250924,20250919,20250909,0,BOW7461A231
rawNANOGBER5_BOW7461A232,BOW7461A232,20250924_AAVS1_ABE8e_AAVS1Em1_Cell333,AAVS1_Em1,BOWR5,AAVS1_Em1,Trophectoderm,AAVS1 targeted,20250924,20250919,20250909,0,BOW7461A232
rawNANOGBER5_BOW7461A233,BOW7461A233,20250924_AAVS1_ABE8e_AAVS1Em1_Cell334,AAVS1_Em1,BOWR5,AAVS1_Em1,Trophectoderm,AAVS1 targeted,20250924,20250919,20250909,3,BOW7461A233
rawNANOGBER5_BOW7461A234,BOW7461A234,20250924_AAVS1_ABE8e_AAVS1Em1_Cell335,AAVS1_Em1,BOWR5,AAVS1_Em1,Trophectoderm,AAVS1 targeted,20250924,20250919,20250909,0,BOW7461A234
rawNANOGBER5_BOW7461A235,BOW7461A235,20250924_AAVS1_ABE8e_AAVS1Em1_Cell336,AAVS1_Em1,BOWR5,AAVS1_Em1,Trophectoderm,AAVS1 targeted,20250924,20250919,20250909,0,BOW7461A235
rawNANOGBER5_BOW7461A236,BOW7461A236,20250924_AAVS1_ABE8e_AAVS1Em1_Cell337,AAVS1_Em1,BOWR5,AAVS1_Em1,Trophectoderm,AAVS1 targeted,20250924,20250919,20250909,0,BOW7461A236
rawNANOGBER5_BOW7461A237,BOW7461A237,20250924_AAVS1_ABE8e_AAVS1Em2_Cell338,AAVS1_Em2,BOWR5,AAVS1_Em2,Trophectoderm,AAVS1 targeted,20250924,20250919,20250909,0,BOW7461A237
rawNANOGBER5_BOW7461A238,BOW7461A238,20250924_AAVS1_ABE8e_AAVS1Em2_Cell339,AAVS1_Em2,BOWR5,AAVS1_Em2,Trophectoderm,AAVS1 targeted,20250924,20250919,20250909,1411,BOW7461A238
rawNANOGBER5_BOW7461A239,BOW7461A239,20250924_AAVS1_ABE8e_AAVS1Em2_Cell340,AAVS1_Em2,BOWR5,AAVS1_Em2,Trophectoderm,AAVS1 targeted,20250924,20250919,20250909,149,BOW7461A239
rawNANOGBER5_BOW7461A240,BOW7461A240,20250924_AAVS1_ABE8e_AAVS1Em2_Cell341,AAVS1_Em2,BOWR5,AAVS1_Em2,Trophectoderm,AAVS1 targeted,20250924,20250919,20250909,37,BOW7461A240
rawNANOGBER5_BOW7461A241,BOW7461A241,20250924_AAVS1_ABE8e_AAVS1Em2_Cell342,AAVS1_Em2,BOWR5,AAVS1_Em2,Trophectoderm,AAVS1 targeted,20250924,20250919,20250909,0,BOW7461A241
rawNANOGBER5_BOW7461A242,BOW7461A242,20250924_AAVS1_ABE8e_AAVS1Em2_Cell343,AAVS1_Em2,BOWR5,AAVS1_Em2,Trophectoderm,AAVS1 targeted,20250924,20250919,20250909,2,BOW7461A242
rawNANOGBER5_BOW7461A243,BOW7461A243,20250924_AAVS1_ABE8e_AAVS1Em2_Cell344,AAVS1_Em2,BOWR5,AAVS1_Em2,Primitive endoderm,AAVS1 targeted,20250924,20250919,20250909,14,BOW7461A243
rawNANOGBER5_BOW7461A244,BOW7461A244,20250924_AAVS1_ABE8e_AAVS1Em2_Cell345,AAVS1_Em2,BOWR5,AAVS1_Em2,Trophectoderm,AAVS1 targeted,20250924,20250919,20250909,5,BOW7461A244
rawNANOGBER5_BOW7461A245,BOW7461A245,20250924_NANOG_ABE8e_Embryo5_Cell209,5,BOWR5,5,Trophectoderm,NANOG mosaic,20250924,20250919,20250721,0,BOW7461A245
rawNANOGBER5_BOW7461A246,BOW7461A246,20250924_NANOG_ABE8e_Embryo5_Cell210,5,BOWR5,5,Trophectoderm,NANOG mosaic,20250924,20250919,20250721,9,BOW7461A246
rawNANOGBER5_BOW7461A247,BOW7461A247,20250924_NANOG_ABE8e_Embryo5_Cell211,5,BOWR5,5,Trophectoderm,NANOG mosaic,20250924,20250919,20250721,9,BOW7461A247
rawNANOGBER5_BOW7461A249,BOW7461A249,20250924_NANOG_ABE8e_Embryo5_Cell213,5,BOWR5,5,Trophectoderm,NANOG mosaic,20250924,20250919,20250721,1,BOW7461A249
rawNANOGBER5_BOW7461A250,BOW7461A250,20250924_NANOG_ABE8e_Embryo5_Cell214,5,BOWR5,5,Trophectoderm,NANOG mosaic,20250924,20250919,20250721,36,BOW7461A250
rawNANOGBER5_BOW7461A251,BOW7461A251,20250924_NANOG_ABE8e_Embryo5_Cell215,5,BOWR5,5,Trophectoderm,NANOG mosaic,20250924,20250919,20250721,8,BOW7461A251
rawNANOGBER5_BOW7461A252,BOW7461A252,20250924_NANOG_ABE8e_Embryo5_Cell216,5,BOWR5,5,Trophectoderm,NANOG mosaic,20250924,20250919,20250721,4,BOW7461A252
rawNANOGBER5_BOW7461A253,BOW7461A253,20250924_NANOG_ABE8e_Embryo5_Cell217,5,BOWR5,5,Trophectoderm,NANOG mosaic,20250924,20250919,20250721,0,BOW7461A253
rawNANOGBER5_BOW7461A254,BOW7461A254,20250924_NANOG_ABE8e_Embryo5_Cell218,5,BOWR5,5,ICM,NANOG mosaic,20250924,20250919,20250721,1,BOW7461A254
rawNANOGBER5_BOW7461A255,BOW7461A255,20250924_NANOG_ABE8e_Embryo5_Cell219,5,BOWR5,5,Trophectoderm,NANOG mosaic,20250924,20250919,20250721,1,BOW7461A255
rawNANOGBER5_BOW7461A256,BOW7461A256,20250924_NANOG_ABE8e_Embryo5_Cell220,5,BOWR5,5,Trophectoderm,NANOG mosaic,20250924,20250919,20250721,3,BOW7461A256
rawNANOGBER5_BOW7461A257,BOW7461A257,20250924_AAVS1_ABE8e_AAVS1Em2_Cell362,AAVS1_Em2,BOWR5,AAVS1_Em2,Trophectoderm,AAVS1 targeted,20250924,20250922A,20250909,154,BOW7461A257
rawNANOGBER5_BOW7461A258,BOW7461A258,20250924_AAVS1_ABE8e_AAVS1Em2_Cell363,AAVS1_Em2,BOWR5,AAVS1_Em2,Epiblast,AAVS1 targeted,20250924,20250922A,20250909,5315,BOW7461A258
rawNANOGBER5_BOW7461A259,BOW7461A259,20250924_AAVS1_ABE8e_AAVS1Em2_Cell364,AAVS1_Em2,BOWR5,AAVS1_Em2,Trophectoderm,AAVS1 targeted,20250924,20250922A,20250909,0,BOW7461A259
rawNANOGBER5_BOW7461A260,BOW7461A260,20250924_NANOG_ABE8e_Embryo9_Cell450,9,BOWR5,9,Trophectoderm,NANOG mosaic,20250924,20250922B,20250916,0,BOW7461A260
rawNANOGBER5_BOW7461A261,BOW7461A261,20250924_NANOG_ABE8e_Embryo7_Cell272,7,BOWR5,7,ICM,NANOG homozygous,20250924,20250922A,20250723,123,BOW7461A261
rawNANOGBER5_BOW7461A263,BOW7461A263,20250924_NANOG_ABE8e_Embryo7_Cell274,7,BOWR5,7,ICM,NANOG homozygous,20250924,20250922A,20250723,0,BOW7461A263
rawNANOGBER5_BOW7461A264,BOW7461A264,20250924_NANOG_ABE8e_Embryo7_Cell275,7,BOWR5,7,ICM,NANOG homozygous,20250924,20250922A,20250723,0,BOW7461A264
rawNANOGBER5_BOW7461A265,BOW7461A265,20250924_NANOG_ABE8e_Embryo7_Cell276,7,BOWR5,7,Trophectoderm,NANOG homozygous,20250924,20250922A,20250723,2,BOW7461A265
rawNANOGBER5_BOW7461A266,BOW7461A266,20250924_NANOG_ABE8e_Embryo7_Cell277,7,BOWR5,7,ICM,NANOG homozygous,20250924,20250922A,20250723,0,BOW7461A266
rawNANOGBER5_BOW7461A267,BOW7461A267,20250924_NANOG_ABE8e_Embryo7_Cell278,7,BOWR5,7,Trophectoderm,NANOG homozygous,20250924,20250922A,20250723,5,BOW7461A267
rawNANOGBER5_BOW7461A268,BOW7461A268,20250924_NANOG_ABE8e_Embryo7_Cell279,7,BOWR5,7,ICM,NANOG homozygous,20250924,20250922A,20250723,217,BOW7461A268
rawNANOGBER5_BOW7461A269,BOW7461A269,20250924_NANOG_ABE8e_Embryo7_Cell280,7,BOWR5,7,ICM,NANOG homozygous,20250924,20250922A,20250723,15,BOW7461A269
rawNANOGBER5_BOW7461A270,BOW7461A270,20250924_NANOG_ABE8e_Embryo7_Cell281,7,BOWR5,7,Trophectoderm,NANOG homozygous,20250924,20250922A,20250723,264,BOW7461A270
rawNANOGBER5_BOW7461A271,BOW7461A271,20250924_NANOG_ABE8e_Embryo7_Cell282,7,BOWR5,7,Trophectoderm,NANOG homozygous,20250924,20250922A,20250723,0,BOW7461A271
rawNANOGBER5_BOW7461A272,BOW7461A272,20250924_NANOG_ABE8e_Embryo7_Cell283,7,BOWR5,7,Trophectoderm,NANOG homozygous,20250924,20250922A,20250723,0,BOW7461A272
rawNANOGBER5_BOW7461A273,BOW7461A273,20250924_NANOG_ABE8e_Embryo7_Cell284,7,BOWR5,7,Trophectoderm,NANOG homozygous,20250924,20250922A,20250723,0,BOW7461A273
rawNANOGBER5_BOW7461A274,BOW7461A274,20250924_NANOG_ABE8e_Embryo7_Cell285,7,BOWR5,7,Trophectoderm,NANOG homozygous,20250924,20250922A,20250723,0,BOW7461A274
rawNANOGBER5_BOW7461A275,BOW7461A275,20250924_NANOG_ABE8e_Embryo7_Cell286,7,BOWR5,7,Trophectoderm,NANOG homozygous,20250924,20250922A,20250723,0,BOW7461A275
rawNANOGBER5_BOW7461A276,BOW7461A276,20250924_NANOG_ABE8e_Embryo7_Cell287,7,BOWR5,7,Trophectoderm,NANOG homozygous,20250924,20250922A,20250723,0,BOW7461A276
rawNANOGBER5_BOW7461A277,BOW7461A277,20250924_NANOG_ABE8e_Embryo8_Cell314,8,BOWR5,8,Trophectoderm,NANOG homozygous,20250924,20250922A,20250812,0,BOW7461A277
rawNANOGBER5_BOW7461A278,BOW7461A278,20250924_NANOG_ABE8e_Embryo8_Cell315,8,BOWR5,8,Trophectoderm,NANOG homozygous,20250924,20250922A,20250812,0,BOW7461A278
rawNANOGBER5_BOW7461A279,BOW7461A279,20250924_NANOG_ABE8e_Embryo8_Cell316,8,BOWR5,8,Trophectoderm,NANOG homozygous,20250924,20250922A,20250812,1,BOW7461A279
rawNANOGBER5_BOW7461A280,BOW7461A280,20250924_NANOG_ABE8e_Embryo8_Cell317,8,BOWR5,8,Trophectoderm,NANOG homozygous,20250924,20250922A,20250812,0,BOW7461A280
rawNANOGBER5_BOW7461A281,BOW7461A281,20250924_NANOG_ABE8e_Embryo8_Cell318,8,BOWR5,8,Trophectoderm,NANOG homozygous,20250924,20250922A,20250812,1,BOW7461A281
rawNANOGBER5_BOW7461A282,BOW7461A282,20250924_NANOG_ABE8e_Embryo8_Cell319,8,BOWR5,8,Trophectoderm,NANOG homozygous,20250924,20250922A,20250812,0,BOW7461A282
rawNANOGBER5_BOW7461A283,BOW7461A283,20250924_NANOG_ABE8e_Embryo8_Cell320,8,BOWR5,8,Trophectoderm,NANOG homozygous,20250924,20250922A,20250812,0,BOW7461A283
rawNANOGBER5_BOW7461A284,BOW7461A284,20250924_NANOG_ABE8e_Embryo8_Cell321,8,BOWR5,8,Trophectoderm,NANOG homozygous,20250924,20250922A,20250812,16,BOW7461A284
rawNANOGBER5_BOW7461A285,BOW7461A285,20250924_AAVS1_ABE8e_AAVS1Em2_Cell346,AAVS1_Em2,BOWR5,AAVS1_Em2,Epiblast,AAVS1 targeted,20250924,20250922A,20250909,5678,BOW7461A285
rawNANOGBER5_BOW7461A286,BOW7461A286,20250924_AAVS1_ABE8e_AAVS1Em2_Cell347,AAVS1_Em2,BOWR5,AAVS1_Em2,Epiblast,AAVS1 targeted,20250924,20250922A,20250909,3075,BOW7461A286
rawNANOGBER5_BOW7461A287,BOW7461A287,20250924_AAVS1_ABE8e_AAVS1Em2_Cell348,AAVS1_Em2,BOWR5,AAVS1_Em2,Trophectoderm,AAVS1 targeted,20250924,20250922A,20250909,481,BOW7461A287
rawNANOGBER5_BOW7461A288,BOW7461A288,20250924_AAVS1_ABE8e_AAVS1Em2_Cell349,AAVS1_Em2,BOWR5,AAVS1_Em2,Epiblast,AAVS1 targeted,20250924,20250922A,20250909,598,BOW7461A288
rawNANOGBER5_BOW7461A289,BOW7461A289,20250924_AAVS1_ABE8e_AAVS1Em2_Cell350,AAVS1_Em2,BOWR5,AAVS1_Em2,Trophectoderm,AAVS1 targeted,20250924,20250922A,20250909,0,BOW7461A289
rawNANOGBER5_BOW7461A290,BOW7461A290,20250924_AAVS1_ABE8e_AAVS1Em2_Cell351,AAVS1_Em2,BOWR5,AAVS1_Em2,Trophectoderm,AAVS1 targeted,20250924,20250922A,20250909,166,BOW7461A290
rawNANOGBER5_BOW7461A291,BOW7461A291,20250924_AAVS1_ABE8e_AAVS1Em2_Cell352,AAVS1_Em2,BOWR5,AAVS1_Em2,ICM,AAVS1 targeted,20250924,20250922A,20250909,17,BOW7461A291
rawNANOGBER5_BOW7461A292,BOW7461A292,20250924_AAVS1_ABE8e_AAVS1Em2_Cell353,AAVS1_Em2,BOWR5,AAVS1_Em2,ICM,AAVS1 targeted,20250924,20250922A,20250909,936,BOW7461A292
rawNANOGBER5_BOW7461A293,BOW7461A293,20250924_AAVS1_ABE8e_AAVS1Em2_Cell354,AAVS1_Em2,BOWR5,AAVS1_Em2,Epiblast,AAVS1 targeted,20250924,20250922A,20250909,940,BOW7461A293
rawNANOGBER5_BOW7461A294,BOW7461A294,20250924_AAVS1_ABE8e_AAVS1Em2_Cell355,AAVS1_Em2,BOWR5,AAVS1_Em2,Trophectoderm,AAVS1 targeted,20250924,20250922A,20250909,1,BOW7461A294
rawNANOGBER5_BOW7461A295,BOW7461A295,20250924_AAVS1_ABE8e_AAVS1Em2_Cell356,AAVS1_Em2,BOWR5,AAVS1_Em2,Trophectoderm,AAVS1 targeted,20250924,20250922A,20250909,0,BOW7461A295
rawNANOGBER5_BOW7461A296,BOW7461A296,20250924_AAVS1_ABE8e_AAVS1Em2_Cell357,AAVS1_Em2,BOWR5,AAVS1_Em2,Trophectoderm,AAVS1 targeted,20250924,20250922A,20250909,2,BOW7461A296
rawNANOGBER5_BOW7461A297,BOW7461A297,20250924_AAVS1_ABE8e_AAVS1Em2_Cell358,AAVS1_Em2,BOWR5,AAVS1_Em2,Primitive endoderm,AAVS1 targeted,20250924,20250922A,20250909,0,BOW7461A297
rawNANOGBER5_BOW7461A298,BOW7461A298,20250924_AAVS1_ABE8e_AAVS1Em2_Cell359,AAVS1_Em2,BOWR5,AAVS1_Em2,Epiblast,AAVS1 targeted,20250924,20250922A,20250909,3964,BOW7461A298
rawNANOGBER5_BOW7461A299,BOW7461A299,20250924_AAVS1_ABE8e_AAVS1Em2_Cell360,AAVS1_Em2,BOWR5,AAVS1_Em2,Trophectoderm,AAVS1 targeted,20250924,20250922A,20250909,24,BOW7461A299
rawNANOGBER5_BOW7461A300,BOW7461A300,20250924_AAVS1_ABE8e_AAVS1Em2_Cell361,AAVS1_Em2,BOWR5,AAVS1_Em2,Epiblast,AAVS1 targeted,20250924,20250922A,20250909,4737,BOW7461A300
rawNANOGBER5_BOW7461A301,BOW7461A301,20250924_NANOG_ABE8e_Embryo10_Cell453,10,BOWR5,10,Trophectoderm,NANOG mosaic,20250924,20250922B,20250916,0,BOW7461A301
rawNANOGBER5_BOW7461A302,BOW7461A302,20250924_NANOG_ABE8e_Embryo10_Cell454,10,BOWR5,10,Trophectoderm,NANOG mosaic,20250924,20250922B,20250916,0,BOW7461A302
rawNANOGBER5_BOW7461A303,BOW7461A303,20250924_NANOG_ABE8e_Embryo10_Cell455,10,BOWR5,10,Primitive endoderm,NANOG mosaic,20250924,20250922B,20250916,5,BOW7461A303
rawNANOGBER5_BOW7461A304,BOW7461A304,20250924_NANOG_ABE8e_Embryo10_Cell456,10,BOWR5,10,Trophectoderm,NANOG mosaic,20250924,20250922B,20250916,0,BOW7461A304
rawNANOGBER5_BOW7461A305,BOW7461A305,20250924_NANOG_ABE8e_Embryo10_Cell457,10,BOWR5,10,Primitive endoderm,NANOG mosaic,20250924,20250922B,20250916,0,BOW7461A305
rawNANOGBER5_BOW7461A306,BOW7461A306,20250924_NANOG_ABE8e_Embryo10_Cell458,10,BOWR5,10,Primitive endoderm,NANOG mosaic,20250924,20250922B,20250916,0,BOW7461A306
rawNANOGBER5_BOW7461A307,BOW7461A307,20250924_NANOG_ABE8e_Embryo10_Cell459,10,BOWR5,10,Trophectoderm,NANOG mosaic,20250924,20250922B,20250916,0,BOW7461A307
rawNANOGBER5_BOW7461A308,BOW7461A308,20250924_NANOG_ABE8e_Embryo10_Cell460,10,BOWR5,10,Trophectoderm,NANOG mosaic,20250924,20250922B,20250916,0,BOW7461A308
rawNANOGBER5_BOW7461A309,BOW7461A309,20250924_NANOG_ABE8e_Embryo10_Cell461,10,BOWR5,10,Primitive endoderm,NANOG mosaic,20250924,20250922B,20250916,68,BOW7461A309
rawNANOGBER5_BOW7461A310,BOW7461A310,20250924_NANOG_ABE8e_Embryo10_Cell462,10,BOWR5,10,Trophectoderm,NANOG mosaic,20250924,20250922B,20250916,2,BOW7461A310
rawNANOGBER5_BOW7461A311,BOW7461A311,20250924_NANOG_ABE8e_Embryo10_Cell463,10,BOWR5,10,Primitive endoderm,NANOG mosaic,20250924,20250922B,20250916,341,BOW7461A311
rawNANOGBER5_BOW7461A312,BOW7461A312,20250924_NANOG_ABE8e_Embryo10_Cell464,10,BOWR5,10,Trophectoderm,NANOG mosaic,20250924,20250922B,20250916,125,BOW7461A312
rawNANOGBER5_BOW7461A313,BOW7461A313,20250924_NANOG_ABE8e_Embryo10_Cell465,10,BOWR5,10,Trophectoderm,NANOG mosaic,20250924,20250922B,20250916,42,BOW7461A313
rawNANOGBER5_BOW7461A314,BOW7461A314,20250924_NANOG_ABE8e_Embryo10_Cell466,10,BOWR5,10,Trophectoderm,NANOG mosaic,20250924,20250922B,20250916,0,BOW7461A314
rawNANOGBER5_BOW7461A315,BOW7461A315,20250924_NANOG_ABE8e_Embryo10_Cell467,10,BOWR5,10,Trophectoderm,NANOG mosaic,20250924,20250922B,20250916,1,BOW7461A315
rawNANOGBER5_BOW7461A316,BOW7461A316,20250924_NANOG_ABE8e_Embryo10_Cell468,10,BOWR5,10,Epiblast,NANOG mosaic,20250924,20250922B,20250916,1063,BOW7461A316
rawNANOGBER5_BOW7461A317,BOW7461A317,20250924_NANOG_ABE8e_Embryo10_Cell469,10,BOWR5,10,Trophectoderm,NANOG mosaic,20250924,20250922B,20250916,271,BOW7461A317
rawNANOGBER5_BOW7461A318,BOW7461A318,20250924_NANOG_ABE8e_Embryo10_Cell470,10,BOWR5,10,Trophectoderm,NANOG mosaic,20250924,20250922B,20250916,0,BOW7461A318
rawNANOGBER5_BOW7461A319,BOW7461A319,20250924_NANOG_ABE8e_Embryo10_Cell471,10,BOWR5,10,Epiblast,NANOG mosaic,20250924,20250922B,20250916,1378,BOW7461A319
rawNANOGBER5_BOW7461A320,BOW7461A320,20250924_NANOG_ABE8e_Embryo10_Cell472,10,BOWR5,10,Trophectoderm,NANOG mosaic,20250924,20250922B,20250916,0,BOW7461A320
rawNANOGBER5_BOW7461A321,BOW7461A321,20250924_NANOG_ABE8e_Embryo10_Cell473,10,BOWR5,10,Trophectoderm,NANOG mosaic,20250924,20250922B,20250916,0,BOW7461A321
rawNANOGBER5_BOW7461A322,BOW7461A322,20250924_NANOG_ABE8e_Embryo10_Cell474,10,BOWR5,10,Trophectoderm,NANOG mosaic,20250924,20250922B,20250916,0,BOW7461A322
rawNANOGBER5_BOW7461A323,BOW7461A323,20250924_NANOG_ABE8e_Embryo10_Cell475,10,BOWR5,10,Trophectoderm,NANOG mosaic,20250924,20250922B,20250916,42,BOW7461A323
rawNANOGBER5_BOW7461A324,BOW7461A324,20250924_NANOG_ABE8e_Embryo10_Cell476,10,BOWR5,10,Trophectoderm,NANOG mosaic,20250924,20250922B,20250916,418,BOW7461A324
rawNANOGBER5_BOW7461A325,BOW7461A325,20250924_NANOG_ABE8e_Embryo9_Cell429,9,BOWR5,9,Trophectoderm,NANOG mosaic,20250924,20250922B,20250916,0,BOW7461A325
rawNANOGBER5_BOW7461A326,BOW7461A326,20250924_NANOG_ABE8e_Embryo9_Cell430,9,BOWR5,9,Trophectoderm,NANOG mosaic,20250924,20250922B,20250916,0,BOW7461A326
rawNANOGBER5_BOW7461A327,BOW7461A327,20250924_NANOG_ABE8e_Embryo9_Cell431,9,BOWR5,9,Trophectoderm,NANOG mosaic,20250924,20250922B,20250916,0,BOW7461A327
rawNANOGBER5_BOW7461A328,BOW7461A328,20250924_NANOG_ABE8e_Embryo9_Cell432,9,BOWR5,9,Trophectoderm,NANOG mosaic,20250924,20250922B,20250916,0,BOW7461A328
rawNANOGBER5_BOW7461A329,BOW7461A329,20250924_NANOG_ABE8e_Embryo9_Cell433,9,BOWR5,9,Trophectoderm,NANOG mosaic,20250924,20250922B,20250916,0,BOW7461A329
rawNANOGBER5_BOW7461A330,BOW7461A330,20250924_NANOG_ABE8e_Embryo9_Cell434,9,BOWR5,9,Epiblast,NANOG mosaic,20250924,20250922B,20250916,3053,BOW7461A330
rawNANOGBER5_BOW7461A331,BOW7461A331,20250924_NANOG_ABE8e_Embryo9_Cell435,9,BOWR5,9,Primitive endoderm,NANOG mosaic,20250924,20250922B,20250916,520,BOW7461A331
rawNANOGBER5_BOW7461A332,BOW7461A332,20250924_NANOG_ABE8e_Embryo9_Cell436,9,BOWR5,9,Epiblast,NANOG mosaic,20250924,20250922B,20250916,1458,BOW7461A332
rawNANOGBER5_BOW7461A333,BOW7461A333,20250924_NANOG_ABE8e_Embryo9_Cell437,9,BOWR5,9,Epiblast,NANOG mosaic,20250924,20250922B,20250916,1509,BOW7461A333
rawNANOGBER5_BOW7461A334,BOW7461A334,20250924_NANOG_ABE8e_Embryo9_Cell438,9,BOWR5,9,Trophectoderm,NANOG mosaic,20250924,20250922B,20250916,2241,BOW7461A334
rawNANOGBER5_BOW7461A335,BOW7461A335,20250924_NANOG_ABE8e_Embryo9_Cell439,9,BOWR5,9,Primitive endoderm,NANOG mosaic,20250924,20250922B,20250916,0,BOW7461A335
rawNANOGBER5_BOW7461A336,BOW7461A336,20250924_NANOG_ABE8e_Embryo9_Cell440,9,BOWR5,9,Epiblast,NANOG mosaic,20250924,20250922B,20250916,2427,BOW7461A336
rawNANOGBER5_BOW7461A337,BOW7461A337,20250924_NANOG_ABE8e_Embryo9_Cell441,9,BOWR5,9,Epiblast,NANOG mosaic,20250924,20250922B,20250916,1664,BOW7461A337
rawNANOGBER5_BOW7461A338,BOW7461A338,20250924_NANOG_ABE8e_Embryo9_Cell442,9,BOWR5,9,Trophectoderm,NANOG mosaic,20250924,20250922B,20250916,0,BOW7461A338
rawNANOGBER5_BOW7461A339,BOW7461A339,20250924_NANOG_ABE8e_Embryo9_Cell443,9,BOWR5,9,Trophectoderm,NANOG mosaic,20250924,20250922B,20250916,28,BOW7461A339
rawNANOGBER5_BOW7461A340,BOW7461A340,20250924_NANOG_ABE8e_Embryo9_Cell444,9,BOWR5,9,Primitive endoderm,NANOG mosaic,20250924,20250922B,20250916,0,BOW7461A340
rawNANOGBER5_BOW7461A341,BOW7461A341,20250924_NANOG_ABE8e_Embryo9_Cell445,9,BOWR5,9,Primitive endoderm,NANOG mosaic,20250924,20250922B,20250916,0,BOW7461A341
rawNANOGBER5_BOW7461A342,BOW7461A342,20250924_NANOG_ABE8e_Embryo9_Cell446,9,BOWR5,9,Primitive endoderm,NANOG mosaic,20250924,20250922B,20250916,485,BOW7461A342
rawNANOGBER5_BOW7461A343,BOW7461A343,20250924_NANOG_ABE8e_Embryo9_Cell447,9,BOWR5,9,Epiblast,NANOG mosaic,20250924,20250922B,20250916,3127,BOW7461A343
rawNANOGBER5_BOW7461A344,BOW7461A344,20250924_NANOG_ABE8e_Embryo9_Cell448,9,BOWR5,9,Trophectoderm,NANOG mosaic,20250924,20250922B,20250916,0,BOW7461A344
rawNANOGBER5_BOW7461A345,BOW7461A345,20250924_NANOG_ABE8e_Embryo9_Cell449,9,BOWR5,9,Trophectoderm,NANOG mosaic,20250924,20250922B,20250916,1231,BOW7461A345
rawNANOGBER6_BOW7461A347,BOW7461A347,20251113_NANOG_ABE8e_Embryo11_Cell488,11,BOWR6,11,Trophectoderm,NANOG mosaic,20251113,20251111,20251104,0,lane8972_ATATCTCG_ATCTTAGT_Well_B1_20251113_hC5ABE8e_Embryo243_Cell488
rawNANOGBER6_BOW7461A348,BOW7461A348,20251113_NANOG_ABE8e_Embryo11_Cell489,11,BOWR6,11,Trophectoderm,NANOG mosaic,20251113,20251111,20251104,83,lane8972_GCGCTCTA_GCTCCGAC_Well_C1_20251113_hC5ABE8e_Embryo243_Cell489
rawNANOGBER6_BOW7461A349,BOW7461A349,20251113_NANOG_ABE8e_Embryo11_Cell490,11,BOWR6,11,Trophectoderm,NANOG mosaic,20251113,20251111,20251104,0,lane8972_AACAGGTT_ATACCAAG_Well_D1_20251113_hC5ABE8e_Embryo243_Cell490
rawNANOGBER6_BOW7461A350,BOW7461A350,20251113_NANOG_ABE8e_Embryo11_Cell491,11,BOWR6,11,Trophectoderm,NANOG mosaic,20251113,20251111,20251104,0,lane8972_GGTGAACC_GCGTTGGA_Well_E1_20251113_hC5ABE8e_Embryo243_Cell491
rawNANOGBER6_BOW7461A351,BOW7461A351,20251113_NANOG_ABE8e_Embryo11_Cell492,11,BOWR6,11,Trophectoderm,NANOG mosaic,20251113,20251111,20251104,0,lane8972_CAACAATG_CTTCACGG_Well_F1_20251113_hC5ABE8e_Embryo243_Cell492
rawNANOGBER6_BOW7461A352,BOW7461A352,20251113_NANOG_ABE8e_Embryo11_Cell493,11,BOWR6,11,Trophectoderm,NANOG mosaic,20251113,20251111,20251104,0,lane8972_TGGTGGCA_TCCTGTAA_Well_G1_20251113_hC5ABE8e_Embryo243_Cell493
rawNANOGBER6_BOW7461A353,BOW7461A353,20251113_NANOG_ABE8e_Embryo11_Cell494,11,BOWR6,11,Trophectoderm,NANOG mosaic,20251113,20251111,20251104,0,lane8972_AGGCAGAG_AGAATGCC_Well_H1_20251113_hC5ABE8e_Embryo243_Cell494
rawNANOGBER6_BOW7461A354,BOW7461A354,20251113_NANOG_ABE8e_Embryo11_Cell495,11,BOWR6,11,Trophectoderm,NANOG mosaic,20251113,20251111,20251104,83,lane8972_GAATGAGA_GAGGCATT_Well_A2_20251113_hC5ABE8e_Embryo243_Cell495
rawNANOGBER6_BOW7461A355,BOW7461A355,20251113_NANOG_ABE8e_Embryo11_Cell496,11,BOWR6,11,Trophectoderm,NANOG mosaic,20251113,20251111,20251104,16,lane8972_TGCGGCGT_CCTCGGTA_Well_B2_20251113_hC5ABE8e_Embryo243_Cell496
rawNANOGBER6_BOW7461A356,BOW7461A356,20251113_NANOG_ABE8e_Embryo11_Cell497,11,BOWR6,11,Trophectoderm,NANOG mosaic,20251113,20251111,20251104,0,lane8972_CATAATAC_TTCTAACG_Well_C2_20251113_hC5ABE8e_Embryo243_Cell497
rawNANOGBER6_BOW7461A357,BOW7461A357,20251113_NANOG_ABE8e_Embryo11_Cell498,11,BOWR6,11,Trophectoderm,NANOG mosaic,20251113,20251111,20251104,0,lane8972_GATCTATC_ATGAGGCT_Well_D2_20251113_hC5ABE8e_Embryo243_Cell498
rawNANOGBER6_BOW7461A358,BOW7461A358,20251113_NANOG_ABE8e_Embryo11_Cell499,11,BOWR6,11,Trophectoderm,NANOG mosaic,20251113,20251111,20251104,0,lane8972_AGCTCGCT_GCAGAATC_Well_E2_20251113_hC5ABE8e_Embryo243_Cell499
rawNANOGBER6_BOW7461A359,BOW7461A359,20251113_NANOG_ABE8e_Embryo11_Cell500,11,BOWR6,11,Trophectoderm,NANOG mosaic,20251113,20251111,20251104,0,lane8972_CGGAACTG_CACTACGA_Well_F2_20251113_hC5ABE8e_Embryo243_Cell500
rawNANOGBER6_BOW7461A360,BOW7461A360,20251113_NANOG_ABE8e_Embryo11_Cell501,11,BOWR6,11,Trophectoderm,NANOG mosaic,20251113,20251111,20251104,0,lane8972_TAAGGTCA_TGTCGTAG_Well_G2_20251113_hC5ABE8e_Embryo243_Cell501
rawNANOGBER6_BOW7461A362,BOW7461A362,20251113_NANOG_ABE8e_Embryo11_Cell503,11,BOWR6,11,Trophectoderm,NANOG mosaic,20251113,20251111,20251104,2,lane8972_CCATTCGA_GTTGTCCG_Well_A3_20251113_hC5ABE8e_Embryo243_Cell503
rawNANOGBER6_BOW7461A363,BOW7461A363,20251113_NANOG_ABE8e_Embryo11_Cell504,11,BOWR6,11,Trophectoderm,NANOG mosaic,20251113,20251111,20251104,1,lane8972_ACACTAAG_ATCCATAT_Well_B3_20251113_hC5ABE8e_Embryo243_Cell504
rawNANOGBER6_BOW7461A364,BOW7461A364,20251113_NANOG_ABE8e_Embryo11_Cell505,11,BOWR6,11,Trophectoderm,NANOG mosaic,20251113,20251111,20251104,0,lane8972_GTGTCGGA_GCTTGCGC_Well_C3_20251113_hC5ABE8e_Embryo243_Cell505
rawNANOGBER6_BOW7461A365,BOW7461A365,20251113_NANOG_ABE8e_Embryo11_Cell506,11,BOWR6,11,Trophectoderm,NANOG mosaic,20251113,20251111,20251104,0,lane8972_TTCCTGTT_AGTATCTT_Well_D3_20251113_hC5ABE8e_Embryo243_Cell506
rawNANOGBER6_BOW7461A366,BOW7461A366,20251113_NANOG_ABE8e_Embryo11_Cell507,11,BOWR6,11,Epiblast,NANOG mosaic,20251113,20251111,20251104,3481,lane8972_CCTTCACC_GACGCTCC_Well_E3_20251113_hC5ABE8e_Embryo243_Cell507
rawNANOGBER6_BOW7461A367,BOW7461A367,20251113_NANOG_ABE8e_Embryo11_Cell508,11,BOWR6,11,Epiblast,NANOG mosaic,20251113,20251111,20251104,866,lane8972_GCCACAGG_CATGCCAT_Well_F3_20251113_hC5ABE8e_Embryo243_Cell508
rawNANOGBER6_BOW7461A368,BOW7461A368,20251113_NANOG_ABE8e_Embryo11_Cell509,11,BOWR6,11,Primitive endoderm,NANOG mosaic,20251113,20251111,20251104,425,lane8972_ATTGTGAA_TGCATTGC_Well_G3_20251113_hC5ABE8e_Embryo243_Cell509
rawNANOGBER6_BOW7461A369,BOW7461A369,20251113_NANOG_ABE8e_Embryo11_Cell510,11,BOWR6,11,Primitive endoderm,NANOG mosaic,20251113,20251111,20251104,937,lane8972_ACTCGTGT_ATTGGAAC_Well_H3_20251113_hC5ABE8e_Embryo243_Cell510
rawNANOGBER6_BOW7461A370,BOW7461A370,20251113_NANOG_ABE8e_Embryo11_Cell511,11,BOWR6,11,Primitive endoderm,NANOG mosaic,20251113,20251112,20251104,2426,lane8972_CTCACCAA_CTAGGCAA_Well_A6_20251113_hC5ABE8e_Embryo243_Cell511
rawNANOGBER6_BOW7461A371,BOW7461A371,20251113_NANOG_ABE8e_Embryo11_Cell512,11,BOWR6,11,Primitive endoderm,NANOG mosaic,20251113,20251112,20251104,0,lane8972_TCTGTTGG_TCGAATGG_Well_B6_20251113_hC5ABE8e_Embryo243_Cell512
rawNANOGBER6_BOW7461A372,BOW7461A372,20251113_NANOG_ABE8e_Embryo11_Cell513,11,BOWR6,11,Trophectoderm,NANOG mosaic,20251113,20251112,20251104,0,lane8972_TATCGCAC_CTTAGTGT_Well_C6_20251113_hC5ABE8e_Embryo243_Cell513
rawNANOGBER6_BOW7461A373,BOW7461A373,20251113_NANOG_ABE8e_Embryo11_Cell514,11,BOWR6,11,Trophectoderm,NANOG mosaic,20251113,20251112,20251104,0,lane8972_CGCTATGT_TCCGACAC_Well_D6_20251113_hC5ABE8e_Embryo243_Cell514
rawNANOGBER6_BOW7461A374,BOW7461A374,20251113_NANOG_ABE8e_Embryo11_Cell515,11,BOWR6,11,Trophectoderm,NANOG mosaic,20251113,20251112,20251104,0,lane8972_GTATGTTC_AACAGGAA_Well_E6_20251113_hC5ABE8e_Embryo243_Cell515
rawNANOGBER6_BOW7461A375,BOW7461A375,20251113_NANOG_ABE8e_Embryo11_Cell516,11,BOWR6,11,Trophectoderm,NANOG mosaic,20251113,20251112,20251104,0,lane8972_ACGCACCT_GGTGAAGG_Well_F6_20251113_hC5ABE8e_Embryo243_Cell516
rawNANOGBER6_BOW7461A376,BOW7461A376,20251113_NANOG_ABE8e_Embryo11_Cell517,11,BOWR6,11,Epiblast,NANOG mosaic,20251113,20251112,20251104,3057,lane8972_TACTCATA_CCTGTGGC_Well_G6_20251113_hC5ABE8e_Embryo243_Cell517
rawNANOGBER6_BOW7461A377,BOW7461A377,20251113_NANOG_ABE8e_Embryo11_Cell518,11,BOWR6,11,Trophectoderm,NANOG mosaic,20251113,20251112,20251104,49,lane8972_CGTCTGCG_TTCACAAT_Well_H6_20251113_hC5ABE8e_Embryo243_Cell518
rawNANOGBER6_BOW7461A378,BOW7461A378,20251113_NANOG_ABE8e_Embryo11_Cell519,11,BOWR6,11,Trophectoderm,NANOG mosaic,20251113,20251112,20251104,62,lane8972_TCGATATC_ACACGAGT_Well_A7_20251113_hC5ABE8e_Embryo243_Cell519
rawNANOGBER6_BOW7461A379,BOW7461A379,20251113_NANOG_ABE8e_Embryo11_Cell520,11,BOWR6,11,Trophectoderm,NANOG mosaic,20251113,20251112,20251104,102,lane8972_CTAGCGCT_GTGTAGAC_Well_B7_20251113_hC5ABE8e_Embryo243_Cell520
rawNANOGBER6_BOW7461A380,BOW7461A380,20251113_NANOG_ABE8e_Embryo11_Cell521,11,BOWR6,11,Trophectoderm,NANOG mosaic,20251113,20251112,20251104,0,lane8972_AAGGAGCG_GACTATTG_Well_C7_20251113_hC5ABE8e_Embryo243_Cell521
rawNANOGBER6_BOW7461A381,BOW7461A381,20251113_NANOG_ABE8e_Embryo11_Cell522,11,BOWR6,11,Trophectoderm,NANOG mosaic,20251113,20251112,20251104,0,lane8972_GTCATCTA_GCGGTTCT_Well_D7_20251113_hC5ABE8e_Embryo243_Cell522
rawNANOGBER6_BOW7461A382,BOW7461A382,20251113_NANOG_ABE8e_Embryo11_Cell523,11,BOWR6,11,Trophectoderm,NANOG mosaic,20251113,20251112,20251104,0,lane8972_CTTCATGG_CATTGCCA_Well_E7_20251113_hC5ABE8e_Embryo243_Cell523